{"programs":367690,"nFrontiers":148,"nTasksWithFrontiers":29,"avgLb":15,"_timestamp":1.7477206218236942e+09,"_runtime":52.40040732,"_wandb":{"runtime":170},"_step":3}